존ID,행정시,법정동,분석존,거시권역,분석존내_법정동수,ITS직접관측존여부,도서지역주의,버스평균_시간당승차,ITS월요일직접셀수,ITS월직접셀수,ITS권역대체셀수,ITS제주전체대체셀수,품질코드_설명
1,서귀포시,강정동,대천동,서귀포시_동,3,Y,N,33.6258544921875,77.0,7.0,0.0,0.0,"3=A(양 끝 직접 ITS+비분할), 2=B(한쪽 이상 직접 ITS 또는 분할), 1=C(대체 ITS 또는 도서 포함)"
2,서귀포시,남원읍,남원읍,서귀포시_읍면,1,Y,N,69.23307037353516,84.0,0.0,0.0,0.0,"3=A(양 끝 직접 ITS+비분할), 2=B(한쪽 이상 직접 ITS 또는 분할), 1=C(대체 ITS 또는 도서 포함)"
3,서귀포시,대정읍,대정읍,서귀포시_읍면,1,Y,N,66.61685180664062,84.0,0.0,0.0,0.0,"3=A(양 끝 직접 ITS+비분할), 2=B(한쪽 이상 직접 ITS 또는 분할), 1=C(대체 ITS 또는 도서 포함)"
4,서귀포시,대포동,중문동,서귀포시_동,4,Y,N,7.884689807891846,84.0,0.0,0.0,0.0,"3=A(양 끝 직접 ITS+비분할), 2=B(한쪽 이상 직접 ITS 또는 분할), 1=C(대체 ITS 또는 도서 포함)"
5,서귀포시,도순동,대천동,서귀포시_동,3,Y,N,3.2456109523773193,77.0,7.0,0.0,0.0,"3=A(양 끝 직접 ITS+비분할), 2=B(한쪽 이상 직접 ITS 또는 분할), 1=C(대체 ITS 또는 도서 포함)"
6,서귀포시,동홍동,동홍동,서귀포시_동,1,Y,N,66.88429260253906,84.0,0.0,0.0,0.0,"3=A(양 끝 직접 ITS+비분할), 2=B(한쪽 이상 직접 ITS 또는 분할), 1=C(대체 ITS 또는 도서 포함)"
7,서귀포시,법환동,대륜동,서귀포시_동,3,Y,N,60.55643081665039,84.0,0.0,0.0,0.0,"3=A(양 끝 직접 ITS+비분할), 2=B(한쪽 이상 직접 ITS 또는 분할), 1=C(대체 ITS 또는 도서 포함)"
8,서귀포시,보목동,송산동,서귀포시_동,1,Y,N,5.88474702835083,77.0,7.0,0.0,0.0,"3=A(양 끝 직접 ITS+비분할), 2=B(한쪽 이상 직접 ITS 또는 분할), 1=C(대체 ITS 또는 도서 포함)"
9,서귀포시,상예동,예래동,서귀포시_동,3,Y,N,5.87380313873291,77.0,7.0,0.0,0.0,"3=A(양 끝 직접 ITS+비분할), 2=B(한쪽 이상 직접 ITS 또는 분할), 1=C(대체 ITS 또는 도서 포함)"
10,서귀포시,상효동,영천동,서귀포시_동,2,Y,N,9.376652717590332,84.0,0.0,0.0,0.0,"3=A(양 끝 직접 ITS+비분할), 2=B(한쪽 이상 직접 ITS 또는 분할), 1=C(대체 ITS 또는 도서 포함)"
11,서귀포시,색달동,예래동,서귀포시_동,3,Y,N,24.53659439086914,77.0,7.0,0.0,0.0,"3=A(양 끝 직접 ITS+비분할), 2=B(한쪽 이상 직접 ITS 또는 분할), 1=C(대체 ITS 또는 도서 포함)"
12,서귀포시,서귀동,서귀동,서귀포시_동,1,Y,N,187.53054809570312,77.0,7.0,0.0,0.0,"3=A(양 끝 직접 ITS+비분할), 2=B(한쪽 이상 직접 ITS 또는 분할), 1=C(대체 ITS 또는 도서 포함)"
13,서귀포시,서호동,대륜동,서귀포시_동,3,Y,N,22.764820098876953,84.0,0.0,0.0,0.0,"3=A(양 끝 직접 ITS+비분할), 2=B(한쪽 이상 직접 ITS 또는 분할), 1=C(대체 ITS 또는 도서 포함)"
14,서귀포시,서홍동,서홍동,서귀포시_동,1,Y,N,38.78693389892578,84.0,0.0,0.0,0.0,"3=A(양 끝 직접 ITS+비분할), 2=B(한쪽 이상 직접 ITS 또는 분할), 1=C(대체 ITS 또는 도서 포함)"
15,서귀포시,성산읍,성산읍,서귀포시_읍면,1,Y,N,80.07461547851562,84.0,0.0,0.0,0.0,"3=A(양 끝 직접 ITS+비분할), 2=B(한쪽 이상 직접 ITS 또는 분할), 1=C(대체 ITS 또는 도서 포함)"
16,서귀포시,신효동,효돈동,서귀포시_동,2,N,N,6.769550800323486,0.0,0.0,63.0,21.0,"3=A(양 끝 직접 ITS+비분할), 2=B(한쪽 이상 직접 ITS 또는 분할), 1=C(대체 ITS 또는 도서 포함)"
17,서귀포시,안덕면,안덕면,서귀포시_읍면,1,Y,N,83.03226470947266,84.0,0.0,0.0,0.0,"3=A(양 끝 직접 ITS+비분할), 2=B(한쪽 이상 직접 ITS 또는 분할), 1=C(대체 ITS 또는 도서 포함)"
18,서귀포시,월평동,대천동,서귀포시_동,3,Y,N,3.6417579650878906,77.0,7.0,0.0,0.0,"3=A(양 끝 직접 ITS+비분할), 2=B(한쪽 이상 직접 ITS 또는 분할), 1=C(대체 ITS 또는 도서 포함)"
19,서귀포시,중문동,중문동,서귀포시_동,4,Y,N,70.00330352783203,84.0,0.0,0.0,0.0,"3=A(양 끝 직접 ITS+비분할), 2=B(한쪽 이상 직접 ITS 또는 분할), 1=C(대체 ITS 또는 도서 포함)"
20,서귀포시,토평동,영천동,서귀포시_동,2,Y,N,28.422992706298828,84.0,0.0,0.0,0.0,"3=A(양 끝 직접 ITS+비분할), 2=B(한쪽 이상 직접 ITS 또는 분할), 1=C(대체 ITS 또는 도서 포함)"
21,서귀포시,표선면,표선면,서귀포시_읍면,1,Y,N,57.159027099609375,84.0,0.0,0.0,0.0,"3=A(양 끝 직접 ITS+비분할), 2=B(한쪽 이상 직접 ITS 또는 분할), 1=C(대체 ITS 또는 도서 포함)"
22,서귀포시,하예동,예래동,서귀포시_동,3,Y,N,3.330540418624878,77.0,7.0,0.0,0.0,"3=A(양 끝 직접 ITS+비분할), 2=B(한쪽 이상 직접 ITS 또는 분할), 1=C(대체 ITS 또는 도서 포함)"
23,서귀포시,하원동,중문동,서귀포시_동,4,Y,N,5.2429890632629395,84.0,0.0,0.0,0.0,"3=A(양 끝 직접 ITS+비분할), 2=B(한쪽 이상 직접 ITS 또는 분할), 1=C(대체 ITS 또는 도서 포함)"
24,서귀포시,하효동,효돈동,서귀포시_동,2,N,N,10.275422096252441,0.0,0.0,63.0,21.0,"3=A(양 끝 직접 ITS+비분할), 2=B(한쪽 이상 직접 ITS 또는 분할), 1=C(대체 ITS 또는 도서 포함)"
25,서귀포시,호근동,대륜동,서귀포시_동,3,Y,N,12.756782531738281,84.0,0.0,0.0,0.0,"3=A(양 끝 직접 ITS+비분할), 2=B(한쪽 이상 직접 ITS 또는 분할), 1=C(대체 ITS 또는 도서 포함)"
26,서귀포시,회수동,중문동,서귀포시_동,4,Y,N,2.195622444152832,84.0,0.0,0.0,0.0,"3=A(양 끝 직접 ITS+비분할), 2=B(한쪽 이상 직접 ITS 또는 분할), 1=C(대체 ITS 또는 도서 포함)"
27,제주시,건입동,건입동,제주시_동,1,Y,N,36.33150863647461,77.0,7.0,0.0,0.0,"3=A(양 끝 직접 ITS+비분할), 2=B(한쪽 이상 직접 ITS 또는 분할), 1=C(대체 ITS 또는 도서 포함)"
28,제주시,구좌읍,구좌읍,제주시_읍면,1,Y,N,77.16569519042969,77.0,7.0,0.0,0.0,"3=A(양 끝 직접 ITS+비분할), 2=B(한쪽 이상 직접 ITS 또는 분할), 1=C(대체 ITS 또는 도서 포함)"
29,제주시,내도동,외도동,제주시_동,4,Y,N,6.519265651702881,77.0,7.0,0.0,0.0,"3=A(양 끝 직접 ITS+비분할), 2=B(한쪽 이상 직접 ITS 또는 분할), 1=C(대체 ITS 또는 도서 포함)"
30,제주시,노형동,노형동,제주시_동,2,Y,N,289.8857727050781,84.0,0.0,0.0,0.0,"3=A(양 끝 직접 ITS+비분할), 2=B(한쪽 이상 직접 ITS 또는 분할), 1=C(대체 ITS 또는 도서 포함)"
31,제주시,도남동,이도2동,제주시_동,2,Y,N,31.572160720825195,77.0,7.0,0.0,0.0,"3=A(양 끝 직접 ITS+비분할), 2=B(한쪽 이상 직접 ITS 또는 분할), 1=C(대체 ITS 또는 도서 포함)"
32,제주시,도두이동,도두동,제주시_동,2,N,N,1.1926014423370361,0.0,0.0,63.0,21.0,"3=A(양 끝 직접 ITS+비분할), 2=B(한쪽 이상 직접 ITS 또는 분할), 1=C(대체 ITS 또는 도서 포함)"
33,제주시,도두일동,도두동,제주시_동,2,N,N,16.07729148864746,0.0,0.0,63.0,21.0,"3=A(양 끝 직접 ITS+비분할), 2=B(한쪽 이상 직접 ITS 또는 분할), 1=C(대체 ITS 또는 도서 포함)"
34,제주시,도련이동,삼양동,제주시_동,5,Y,N,7.861035346984863,77.0,7.0,0.0,0.0,"3=A(양 끝 직접 ITS+비분할), 2=B(한쪽 이상 직접 ITS 또는 분할), 1=C(대체 ITS 또는 도서 포함)"
35,제주시,도련일동,삼양동,제주시_동,5,Y,N,22.441177368164062,77.0,7.0,0.0,0.0,"3=A(양 끝 직접 ITS+비분할), 2=B(한쪽 이상 직접 ITS 또는 분할), 1=C(대체 ITS 또는 도서 포함)"
36,제주시,도평동,외도동,제주시_동,4,Y,N,3.862460136413574,77.0,7.0,0.0,0.0,"3=A(양 끝 직접 ITS+비분할), 2=B(한쪽 이상 직접 ITS 또는 분할), 1=C(대체 ITS 또는 도서 포함)"
37,제주시,봉개동,봉개동,제주시_동,3,Y,N,30.25142478942871,84.0,0.0,0.0,0.0,"3=A(양 끝 직접 ITS+비분할), 2=B(한쪽 이상 직접 ITS 또는 분할), 1=C(대체 ITS 또는 도서 포함)"
38,제주시,삼도이동,삼도2동,제주시_동,1,Y,N,49.40281677246094,77.0,7.0,0.0,0.0,"3=A(양 끝 직접 ITS+비분할), 2=B(한쪽 이상 직접 ITS 또는 분할), 1=C(대체 ITS 또는 도서 포함)"
39,제주시,삼도일동,삼도1동,제주시_동,1,Y,N,69.65110778808594,70.0,14.0,0.0,0.0,"3=A(양 끝 직접 ITS+비분할), 2=B(한쪽 이상 직접 ITS 또는 분할), 1=C(대체 ITS 또는 도서 포함)"
40,제주시,삼양삼동,삼양동,제주시_동,5,Y,N,0.10163018852472305,77.0,7.0,0.0,0.0,"3=A(양 끝 직접 ITS+비분할), 2=B(한쪽 이상 직접 ITS 또는 분할), 1=C(대체 ITS 또는 도서 포함)"
41,제주시,삼양이동,삼양동,제주시_동,5,Y,N,46.24367141723633,77.0,7.0,0.0,0.0,"3=A(양 끝 직접 ITS+비분할), 2=B(한쪽 이상 직접 ITS 또는 분할), 1=C(대체 ITS 또는 도서 포함)"
42,제주시,삼양일동,삼양동,제주시_동,5,Y,N,6.519550800323486,77.0,7.0,0.0,0.0,"3=A(양 끝 직접 ITS+비분할), 2=B(한쪽 이상 직접 ITS 또는 분할), 1=C(대체 ITS 또는 도서 포함)"
43,제주시,아라이동,아라동,제주시_동,5,Y,N,50.54052734375,84.0,0.0,0.0,0.0,"3=A(양 끝 직접 ITS+비분할), 2=B(한쪽 이상 직접 ITS 또는 분할), 1=C(대체 ITS 또는 도서 포함)"
44,제주시,아라일동,아라동,제주시_동,5,Y,N,213.18861389160156,84.0,0.0,0.0,0.0,"3=A(양 끝 직접 ITS+비분할), 2=B(한쪽 이상 직접 ITS 또는 분할), 1=C(대체 ITS 또는 도서 포함)"
45,제주시,애월읍,애월읍,제주시_읍면,1,Y,N,165.37802124023438,84.0,0.0,0.0,0.0,"3=A(양 끝 직접 ITS+비분할), 2=B(한쪽 이상 직접 ITS 또는 분할), 1=C(대체 ITS 또는 도서 포함)"
46,제주시,연동,연동,제주시_동,1,Y,N,365.2801513671875,84.0,0.0,0.0,0.0,"3=A(양 끝 직접 ITS+비분할), 2=B(한쪽 이상 직접 ITS 또는 분할), 1=C(대체 ITS 또는 도서 포함)"
47,제주시,영평동,아라동,제주시_동,5,Y,N,22.147058486938477,84.0,0.0,0.0,0.0,"3=A(양 끝 직접 ITS+비분할), 2=B(한쪽 이상 직접 ITS 또는 분할), 1=C(대체 ITS 또는 도서 포함)"
48,제주시,오등동,아라동,제주시_동,5,Y,N,4.454799175262451,84.0,0.0,0.0,0.0,"3=A(양 끝 직접 ITS+비분할), 2=B(한쪽 이상 직접 ITS 또는 분할), 1=C(대체 ITS 또는 도서 포함)"
49,제주시,오라삼동,오라동,제주시_동,3,Y,N,11.78950023651123,84.0,0.0,0.0,0.0,"3=A(양 끝 직접 ITS+비분할), 2=B(한쪽 이상 직접 ITS 또는 분할), 1=C(대체 ITS 또는 도서 포함)"
50,제주시,오라이동,오라동,제주시_동,3,Y,N,20.615880966186523,84.0,0.0,0.0,0.0,"3=A(양 끝 직접 ITS+비분할), 2=B(한쪽 이상 직접 ITS 또는 분할), 1=C(대체 ITS 또는 도서 포함)"
51,제주시,오라일동,오라동,제주시_동,3,Y,N,131.8031768798828,84.0,0.0,0.0,0.0,"3=A(양 끝 직접 ITS+비분할), 2=B(한쪽 이상 직접 ITS 또는 분할), 1=C(대체 ITS 또는 도서 포함)"
52,제주시,외도이동,외도동,제주시_동,4,Y,N,14.43017578125,77.0,7.0,0.0,0.0,"3=A(양 끝 직접 ITS+비분할), 2=B(한쪽 이상 직접 ITS 또는 분할), 1=C(대체 ITS 또는 도서 포함)"
53,제주시,외도일동,외도동,제주시_동,4,Y,N,44.67436218261719,77.0,7.0,0.0,0.0,"3=A(양 끝 직접 ITS+비분할), 2=B(한쪽 이상 직접 ITS 또는 분할), 1=C(대체 ITS 또는 도서 포함)"
54,제주시,용강동,봉개동,제주시_동,3,Y,N,3.3746581077575684,84.0,0.0,0.0,0.0,"3=A(양 끝 직접 ITS+비분할), 2=B(한쪽 이상 직접 ITS 또는 분할), 1=C(대체 ITS 또는 도서 포함)"
55,제주시,용담삼동,용담2동,제주시_동,2,Y,N,9.003249168395996,84.0,0.0,0.0,0.0,"3=A(양 끝 직접 ITS+비분할), 2=B(한쪽 이상 직접 ITS 또는 분할), 1=C(대체 ITS 또는 도서 포함)"
56,제주시,용담이동,용담2동,제주시_동,2,Y,N,214.46426391601562,84.0,0.0,0.0,0.0,"3=A(양 끝 직접 ITS+비분할), 2=B(한쪽 이상 직접 ITS 또는 분할), 1=C(대체 ITS 또는 도서 포함)"
57,제주시,용담일동,용담1동,제주시_동,1,N,N,91.80284118652344,0.0,0.0,63.0,21.0,"3=A(양 끝 직접 ITS+비분할), 2=B(한쪽 이상 직접 ITS 또는 분할), 1=C(대체 ITS 또는 도서 포함)"
58,제주시,우도면,우도면,제주시_읍면,1,N,Y,0.0,0.0,0.0,63.0,21.0,"3=A(양 끝 직접 ITS+비분할), 2=B(한쪽 이상 직접 ITS 또는 분할), 1=C(대체 ITS 또는 도서 포함)"
59,제주시,월평동,아라동,제주시_동,5,Y,N,10.985237121582031,84.0,0.0,0.0,0.0,"3=A(양 끝 직접 ITS+비분할), 2=B(한쪽 이상 직접 ITS 또는 분할), 1=C(대체 ITS 또는 도서 포함)"
60,제주시,이도이동,이도2동,제주시_동,2,Y,N,367.38525390625,77.0,7.0,0.0,0.0,"3=A(양 끝 직접 ITS+비분할), 2=B(한쪽 이상 직접 ITS 또는 분할), 1=C(대체 ITS 또는 도서 포함)"
61,제주시,이도일동,이도1동,제주시_동,1,Y,N,163.33999633789062,77.0,7.0,0.0,0.0,"3=A(양 끝 직접 ITS+비분할), 2=B(한쪽 이상 직접 ITS 또는 분할), 1=C(대체 ITS 또는 도서 포함)"
62,제주시,이호이동,이호동,제주시_동,2,Y,N,11.229081153869629,84.0,0.0,0.0,0.0,"3=A(양 끝 직접 ITS+비분할), 2=B(한쪽 이상 직접 ITS 또는 분할), 1=C(대체 ITS 또는 도서 포함)"
63,제주시,이호일동,이호동,제주시_동,2,Y,N,10.35396671295166,84.0,0.0,0.0,0.0,"3=A(양 끝 직접 ITS+비분할), 2=B(한쪽 이상 직접 ITS 또는 분할), 1=C(대체 ITS 또는 도서 포함)"
64,제주시,일도이동,일도2동,제주시_동,1,Y,N,148.28021240234375,77.0,7.0,0.0,0.0,"3=A(양 끝 직접 ITS+비분할), 2=B(한쪽 이상 직접 ITS 또는 분할), 1=C(대체 ITS 또는 도서 포함)"
65,제주시,일도일동,일도1동,제주시_동,1,N,N,48.98261642456055,0.0,0.0,63.0,21.0,"3=A(양 끝 직접 ITS+비분할), 2=B(한쪽 이상 직접 ITS 또는 분할), 1=C(대체 ITS 또는 도서 포함)"
66,제주시,조천읍,조천읍,제주시_읍면,1,Y,N,135.48854064941406,84.0,0.0,0.0,0.0,"3=A(양 끝 직접 ITS+비분할), 2=B(한쪽 이상 직접 ITS 또는 분할), 1=C(대체 ITS 또는 도서 포함)"
67,제주시,추자면,추자면,제주시_읍면,1,N,Y,0.0,0.0,0.0,63.0,21.0,"3=A(양 끝 직접 ITS+비분할), 2=B(한쪽 이상 직접 ITS 또는 분할), 1=C(대체 ITS 또는 도서 포함)"
68,제주시,한경면,한경면,제주시_읍면,1,Y,N,26.161935806274414,84.0,0.0,0.0,0.0,"3=A(양 끝 직접 ITS+비분할), 2=B(한쪽 이상 직접 ITS 또는 분할), 1=C(대체 ITS 또는 도서 포함)"
69,제주시,한림읍,한림읍,제주시_읍면,1,Y,N,77.63320922851562,84.0,0.0,0.0,0.0,"3=A(양 끝 직접 ITS+비분할), 2=B(한쪽 이상 직접 ITS 또는 분할), 1=C(대체 ITS 또는 도서 포함)"
70,제주시,해안동,노형동,제주시_동,2,Y,N,12.187699317932129,84.0,0.0,0.0,0.0,"3=A(양 끝 직접 ITS+비분할), 2=B(한쪽 이상 직접 ITS 또는 분할), 1=C(대체 ITS 또는 도서 포함)"
71,제주시,화북이동,화북동,제주시_동,2,Y,N,17.33094024658203,84.0,0.0,0.0,0.0,"3=A(양 끝 직접 ITS+비분할), 2=B(한쪽 이상 직접 ITS 또는 분할), 1=C(대체 ITS 또는 도서 포함)"
72,제주시,화북일동,화북동,제주시_동,2,Y,N,97.97389221191406,84.0,0.0,0.0,0.0,"3=A(양 끝 직접 ITS+비분할), 2=B(한쪽 이상 직접 ITS 또는 분할), 1=C(대체 ITS 또는 도서 포함)"
73,제주시,회천동,봉개동,제주시_동,3,Y,N,1.1069881916046143,84.0,0.0,0.0,0.0,"3=A(양 끝 직접 ITS+비분할), 2=B(한쪽 이상 직접 ITS 또는 분할), 1=C(대체 ITS 또는 도서 포함)"
